year,Scotland population mid-year estimate,Great Britain population mid-year estimate,England population mid-year estimate,England and Wales population mid-year estimate,United Kingdom population mid-year estimate,Northern Ireland population mid-year estimate,Wales population mid-year estimate,source,source_url
1971,5235600.0,54387600.0,46411700.0,49152000.0,55928000,1540400.0,2740300.0,"ONS population estimates time series dataset, current edition",https://www.ons.gov.uk/peoplepopulationandcommunity/populationandmigration/populationestimates/datasets/populationestimatestimeseriesdataset/current
1972,5230600.0,54557700.0,46571900.0,49327100.0,56096700,1539000.0,2755200.0,"ONS population estimates time series dataset, current edition",https://www.ons.gov.uk/peoplepopulationandcommunity/populationandmigration/populationestimates/datasets/populationestimatestimeseriesdataset/current
1973,5233900.0,54692900.0,46686200.0,49459000.0,56222900,1530000.0,2772800.0,"ONS population estimates time series dataset, current edition",https://www.ons.gov.uk/peoplepopulationandcommunity/populationandmigration/populationestimates/datasets/populationestimatestimeseriesdataset/current
1974,5240800.0,54708700.0,46682700.0,49467900.0,56235600,1526900.0,2785200.0,"ONS population estimates time series dataset, current edition",https://www.ons.gov.uk/peoplepopulationandcommunity/populationandmigration/populationestimates/datasets/populationestimatestimeseriesdataset/current
1975,5232400.0,54702200.0,46674400.0,49469800.0,56225700,1523500.0,2795400.0,"ONS population estimates time series dataset, current edition",https://www.ons.gov.uk/peoplepopulationandcommunity/populationandmigration/populationestimates/datasets/populationestimatestimeseriesdataset/current
1976,5233400.0,54692600.0,46659900.0,49459200.0,56216100,1523500.0,2799300.0,"ONS population estimates time series dataset, current edition",https://www.ons.gov.uk/peoplepopulationandcommunity/populationandmigration/populationestimates/datasets/populationestimatestimeseriesdataset/current
1977,5226200.0,54666600.0,46639800.0,49440400.0,56189900,1523300.0,2800600.0,"ONS population estimates time series dataset, current edition",https://www.ons.gov.uk/peoplepopulationandcommunity/populationandmigration/populationestimates/datasets/populationestimatestimeseriesdataset/current
1978,5212300.0,54654800.0,46638200.0,49442500.0,56178000,1523200.0,2804300.0,"ONS population estimates time series dataset, current edition",https://www.ons.gov.uk/peoplepopulationandcommunity/populationandmigration/populationestimates/datasets/populationestimatestimeseriesdataset/current
1979,5203600.0,54711800.0,46698100.0,49508200.0,56240100,1528300.0,2810100.0,"ONS population estimates time series dataset, current edition",https://www.ons.gov.uk/peoplepopulationandcommunity/populationandmigration/populationestimates/datasets/populationestimatestimeseriesdataset/current
1980,5193900.0,54796900.0,46787200.0,49603000.0,56329700,1532800.0,2815800.0,"ONS population estimates time series dataset, current edition",https://www.ons.gov.uk/peoplepopulationandcommunity/populationandmigration/populationestimates/datasets/populationestimatestimeseriesdataset/current
1981,5180200.0,54814500.0,46820800.0,49634300.0,56357500,1543000.0,2813500.0,"ONS population estimates time series dataset, current edition",https://www.ons.gov.uk/peoplepopulationandcommunity/populationandmigration/populationestimates/datasets/populationestimatestimeseriesdataset/current
1982,5164500.0,54746200.0,46777300.0,49581600.0,56290700,1544500.0,2804300.0,"ONS population estimates time series dataset, current edition",https://www.ons.gov.uk/peoplepopulationandcommunity/populationandmigration/populationestimates/datasets/populationestimatestimeseriesdataset/current
1983,5148100.0,54765100.0,46813700.0,49617000.0,56315700,1550600.0,2803300.0,"ONS population estimates time series dataset, current edition",https://www.ons.gov.uk/peoplepopulationandcommunity/populationandmigration/populationestimates/datasets/populationestimatestimeseriesdataset/current
1984,5138900.0,54852000.0,46912400.0,49713100.0,56409300,1557300.0,2800700.0,"ONS population estimates time series dataset, current edition",https://www.ons.gov.uk/peoplepopulationandcommunity/populationandmigration/populationestimates/datasets/populationestimatestimeseriesdataset/current
1985,5127900.0,54988600.0,47057400.0,49860700.0,56554000,1565400.0,2803400.0,"ONS population estimates time series dataset, current edition",https://www.ons.gov.uk/peoplepopulationandcommunity/populationandmigration/populationestimates/datasets/populationestimatestimeseriesdataset/current
1986,5111800.0,55110300.0,47187600.0,49998600.0,56683800,1573500.0,2810900.0,"ONS population estimates time series dataset, current edition",https://www.ons.gov.uk/peoplepopulationandcommunity/populationandmigration/populationestimates/datasets/populationestimatestimeseriesdataset/current
1987,5099000.0,55222000.0,47300400.0,50123000.0,56804000,1582000.0,2822600.0,"ONS population estimates time series dataset, current edition",https://www.ons.gov.uk/peoplepopulationandcommunity/populationandmigration/populationestimates/datasets/populationestimatestimeseriesdataset/current
1988,5077400.0,55331000.0,47412300.0,50253600.0,56916400,1585400.0,2841200.0,"ONS population estimates time series dataset, current edition",https://www.ons.gov.uk/peoplepopulationandcommunity/populationandmigration/populationestimates/datasets/populationestimatestimeseriesdataset/current
1989,5078200.0,55486000.0,47552700.0,50407800.0,57076500,1590400.0,2855200.0,"ONS population estimates time series dataset, current edition",https://www.ons.gov.uk/peoplepopulationandcommunity/populationandmigration/populationestimates/datasets/populationestimatestimeseriesdataset/current
1990,5081300.0,55641900.0,47699100.0,50560600.0,57237500,1595600.0,2861500.0,"ONS population estimates time series dataset, current edition",https://www.ons.gov.uk/peoplepopulationandcommunity/populationandmigration/populationestimates/datasets/populationestimatestimeseriesdataset/current
1991,5083300.0,55831400.0,47875000.0,50748000.0,57438700,1607300.0,2873000.0,"ONS population estimates time series dataset, current edition",https://www.ons.gov.uk/peoplepopulationandcommunity/populationandmigration/populationestimates/datasets/populationestimatestimeseriesdataset/current
1992,5085600.0,55961300.0,47998000.0,50875600.0,57584500,1623300.0,2877700.0,"ONS population estimates time series dataset, current edition",https://www.ons.gov.uk/peoplepopulationandcommunity/populationandmigration/populationestimates/datasets/populationestimatestimeseriesdataset/current
1993,5092500.0,56078300.0,48102300.0,50985900.0,57713900,1635600.0,2883600.0,"ONS population estimates time series dataset, current edition",https://www.ons.gov.uk/peoplepopulationandcommunity/populationandmigration/populationestimates/datasets/populationestimatestimeseriesdataset/current
1994,5102200.0,56218400.0,48228800.0,51116200.0,57862100,1643700.0,2887400.0,"ONS population estimates time series dataset, current edition",https://www.ons.gov.uk/peoplepopulationandcommunity/populationandmigration/populationestimates/datasets/populationestimatestimeseriesdataset/current
1995,5103700.0,56375700.0,48383500.0,51272000.0,58024800,1649100.0,2888500.0,"ONS population estimates time series dataset, current edition",https://www.ons.gov.uk/peoplepopulationandcommunity/populationandmigration/populationestimates/datasets/populationestimatestimeseriesdataset/current
1996,5092200.0,56502600.0,48519100.0,51410400.0,58164400,1661800.0,2891300.0,"ONS population estimates time series dataset, current edition",https://www.ons.gov.uk/peoplepopulationandcommunity/populationandmigration/populationestimates/datasets/populationestimatestimeseriesdataset/current
1997,5083300.0,56643000.0,48664800.0,51559600.0,58314200,1671300.0,2894900.0,"ONS population estimates time series dataset, current edition",https://www.ons.gov.uk/peoplepopulationandcommunity/populationandmigration/populationestimates/datasets/populationestimatestimeseriesdataset/current
1998,5077100.0,56797200.0,48820600.0,51720100.0,58474900,1677800.0,2899500.0,"ONS population estimates time series dataset, current edition",https://www.ons.gov.uk/peoplepopulationandcommunity/populationandmigration/populationestimates/datasets/populationestimatestimeseriesdataset/current
1999,5072000.0,57005400.0,49032900.0,51933500.0,58684400,1679000.0,2900600.0,"ONS population estimates time series dataset, current edition",https://www.ons.gov.uk/peoplepopulationandcommunity/populationandmigration/populationestimates/datasets/populationestimatestimeseriesdataset/current
2000,5062900.0,57203100.0,49233300.0,52140200.0,58886100,1682900.0,2906900.0,"ONS population estimates time series dataset, current edition",https://www.ons.gov.uk/peoplepopulationandcommunity/populationandmigration/populationestimates/datasets/populationestimatestimeseriesdataset/current
2001,5064200.0,57424200.0,49449700.0,52360000.0,59113000,1688800.0,2910200.0,"ONS population estimates time series dataset, current edition",https://www.ons.gov.uk/peoplepopulationandcommunity/populationandmigration/populationestimates/datasets/populationestimatestimeseriesdataset/current
2002,5066000.0,57668100.0,49679300.0,52602100.0,59365700,1697500.0,2922900.0,"ONS population estimates time series dataset, current edition",https://www.ons.gov.uk/peoplepopulationandcommunity/populationandmigration/populationestimates/datasets/populationestimatestimeseriesdataset/current
2003,5068500.0,57931700.0,49925500.0,52863200.0,59636700,1704900.0,2937700.0,"ONS population estimates time series dataset, current edition",https://www.ons.gov.uk/peoplepopulationandcommunity/populationandmigration/populationestimates/datasets/populationestimatestimeseriesdataset/current
2004,5084300.0,58236300.0,50194600.0,53152000.0,59950400,1714000.0,2957400.0,"ONS population estimates time series dataset, current edition",https://www.ons.gov.uk/peoplepopulationandcommunity/populationandmigration/populationestimates/datasets/populationestimatestimeseriesdataset/current
2005,5110200.0,58685500.0,50606000.0,53575300.0,60413300,1727700.0,2969300.0,"ONS population estimates time series dataset, current edition",https://www.ons.gov.uk/peoplepopulationandcommunity/populationandmigration/populationestimates/datasets/populationestimatestimeseriesdataset/current
2006,5133000.0,59083900.0,50965200.0,53950900.0,60827000,1743100.0,2985700.0,"ONS population estimates time series dataset, current edition",https://www.ons.gov.uk/peoplepopulationandcommunity/populationandmigration/populationestimates/datasets/populationestimatestimeseriesdataset/current
2007,5170000.0,59557400.0,51381100.0,54387400.0,61319100,1761700.0,3006300.0,"ONS population estimates time series dataset, current edition",https://www.ons.gov.uk/peoplepopulationandcommunity/populationandmigration/populationestimates/datasets/populationestimatestimeseriesdataset/current
2008,5202900.0,60044600.0,51815900.0,54841700.0,61823800,1779200.0,3025900.0,"ONS population estimates time series dataset, current edition",https://www.ons.gov.uk/peoplepopulationandcommunity/populationandmigration/populationestimates/datasets/populationestimatestimeseriesdataset/current
2009,5231900.0,60467200.0,52196400.0,55235300.0,62260500,1793300.0,3038900.0,"ONS population estimates time series dataset, current edition",https://www.ons.gov.uk/peoplepopulationandcommunity/populationandmigration/populationestimates/datasets/populationestimatestimeseriesdataset/current
2010,5262200.0,60954600.0,52642500.0,55692400.0,62759500,1804800.0,3050000.0,"ONS population estimates time series dataset, current edition",https://www.ons.gov.uk/peoplepopulationandcommunity/populationandmigration/populationestimates/datasets/populationestimatestimeseriesdataset/current
2011,5299900.0,61470800.0,53107200.0,56170900.0,63285100,1814300.0,3063800.0,"ONS population estimates time series dataset, current edition",https://www.ons.gov.uk/peoplepopulationandcommunity/populationandmigration/populationestimates/datasets/populationestimatestimeseriesdataset/current
2012,5308200.0,61885900.0,53506800.0,56577700.0,63710500,1824600.0,3070900.0,"ONS population estimates time series dataset, current edition",https://www.ons.gov.uk/peoplepopulationandcommunity/populationandmigration/populationestimates/datasets/populationestimatestimeseriesdataset/current
2013,5316800.0,62306500.0,53918700.0,56989700.0,64138200,1831700.0,3071100.0,"ONS population estimates time series dataset, current edition",https://www.ons.gov.uk/peoplepopulationandcommunity/populationandmigration/populationestimates/datasets/populationestimatestimeseriesdataset/current
2014,5331400.0,62775500.0,54370300.0,57444100.0,64618700,1843200.0,3073800.0,"ONS population estimates time series dataset, current edition",https://www.ons.gov.uk/peoplepopulationandcommunity/populationandmigration/populationestimates/datasets/populationestimatestimeseriesdataset/current
2015,5350600.0,63232000.0,54808700.0,57881400.0,65087000,1854900.0,3072700.0,"ONS population estimates time series dataset, current edition",https://www.ons.gov.uk/peoplepopulationandcommunity/populationandmigration/populationestimates/datasets/populationestimatestimeseriesdataset/current
2016,5373600.0,63739800.0,55289000.0,58366200.0,65605800,1866000.0,3077200.0,"ONS population estimates time series dataset, current edition",https://www.ons.gov.uk/peoplepopulationandcommunity/populationandmigration/populationestimates/datasets/populationestimatestimeseriesdataset/current
2017,5388200.0,64089100.0,55619500.0,58700900.0,65964300,1875200.0,3081400.0,"ONS population estimates time series dataset, current edition",https://www.ons.gov.uk/peoplepopulationandcommunity/populationandmigration/populationestimates/datasets/populationestimatestimeseriesdataset/current
2018,5392100.0,64400500.0,55924500.0,59008400.0,66286700,1886300.0,3083800.0,"ONS population estimates time series dataset, current edition",https://www.ons.gov.uk/peoplepopulationandcommunity/populationandmigration/populationestimates/datasets/populationestimatestimeseriesdataset/current
2019,5411200.0,64729000.0,56230100.0,59317800.0,66627500,1898500.0,3087700.0,"ONS population estimates time series dataset, current edition",https://www.ons.gov.uk/peoplepopulationandcommunity/populationandmigration/populationestimates/datasets/populationestimatestimeseriesdataset/current
2020,5408900.0,64839300.0,56326000.0,59430400.0,66739900,1900500.0,3104500.0,"ONS population estimates time series dataset, current edition",https://www.ons.gov.uk/peoplepopulationandcommunity/populationandmigration/populationestimates/datasets/populationestimatestimeseriesdataset/current
2021,5412900.0,65073400.0,56554900.0,59660500.0,66978000,1904600.0,3105600.0,"ONS population estimates time series dataset, current edition",https://www.ons.gov.uk/peoplepopulationandcommunity/populationandmigration/populationestimates/datasets/populationestimatestimeseriesdataset/current
2022,5447000.0,65725600.0,57144400.0,60278600.0,67636100,1910500.0,3134200.0,"ONS population estimates time series dataset, current edition",https://www.ons.gov.uk/peoplepopulationandcommunity/populationandmigration/populationestimates/datasets/populationestimatestimeseriesdataset/current
2023,5506000.0,66605800.0,57932500.0,61099800.0,68526200,1920400.0,3167300.0,"ONS population estimates time series dataset, current edition",https://www.ons.gov.uk/peoplepopulationandcommunity/populationandmigration/populationestimates/datasets/populationestimatestimeseriesdataset/current
2024,5546900.0,67353600.0,58620100.0,61806700.0,69281400,1927900.0,3186600.0,"ONS population estimates time series dataset, current edition",https://www.ons.gov.uk/peoplepopulationandcommunity/populationandmigration/populationestimates/datasets/populationestimatestimeseriesdataset/current
2025,,,,,69487000,,,"ONS population estimates time series dataset, current edition",https://www.ons.gov.uk/peoplepopulationandcommunity/populationandmigration/populationestimates/datasets/populationestimatestimeseriesdataset/current
